,Study ID,Sample ID,Patient ID,Altered,SYNE1,SYNE1: MUT,SYNE1: AMP,SYNE1: HOMDEL,SYNE1: FUSION
0,stad_tcga_pan_can_atlas_2018,TCGA-B7-5816-01,TCGA-B7-5816,1,L7455Cfs*18,L7455Cfs*18,no alteration,no alteration,no alteration
1,stad_tcga_pan_can_atlas_2018,TCGA-B7-A5TN-01,TCGA-B7-A5TN,1,V5210E,V5210E,no alteration,no alteration,no alteration
2,stad_tcga_pan_can_atlas_2018,TCGA-BR-4184-01,TCGA-BR-4184,1,"F5637I, R1756K, A95T","F5637I, R1756K, A95T",no alteration,no alteration,no alteration
3,stad_tcga_pan_can_atlas_2018,TCGA-BR-4256-01,TCGA-BR-4256,1,K2479N,K2479N,no alteration,no alteration,no alteration
4,stad_tcga_pan_can_atlas_2018,TCGA-BR-4257-01,TCGA-BR-4257,1,A2724T,A2724T,no alteration,no alteration,no alteration
5,stad_tcga_pan_can_atlas_2018,TCGA-BR-4292-01,TCGA-BR-4292,1,Q8311H,Q8311H,no alteration,no alteration,no alteration
6,stad_tcga_pan_can_atlas_2018,TCGA-BR-4361-01,TCGA-BR-4361,1,"A3854Lfs*20, A8245V, G4534R, X349_splice","A3854Lfs*20, A8245V, G4534R, X349_splice",no alteration,no alteration,no alteration
7,stad_tcga_pan_can_atlas_2018,TCGA-BR-4363-01,TCGA-BR-4363,1,"Q1800*, T1804S","Q1800*, T1804S",no alteration,no alteration,no alteration
8,stad_tcga_pan_can_atlas_2018,TCGA-BR-4368-01,TCGA-BR-4368,1,I904T,I904T,no alteration,no alteration,no alteration
9,stad_tcga_pan_can_atlas_2018,TCGA-BR-6452-01,TCGA-BR-6452,1,"X7349_splice, R8101H, S8673T, L1073H, V1086A","X7349_splice, R8101H, S8673T, L1073H, V1086A",no alteration,no alteration,no alteration
10,stad_tcga_pan_can_atlas_2018,TCGA-BR-6565-01,TCGA-BR-6565,1,L3939P,L3939P,no alteration,no alteration,no alteration
11,stad_tcga_pan_can_atlas_2018,TCGA-BR-6566-01,TCGA-BR-6566,1,"A1643V, Y3460C","A1643V, Y3460C",no alteration,no alteration,no alteration
12,stad_tcga_pan_can_atlas_2018,TCGA-BR-6852-01,TCGA-BR-6852,1,E2055D,E2055D,no alteration,no alteration,no alteration
13,stad_tcga_pan_can_atlas_2018,TCGA-BR-7197-01,TCGA-BR-7197,1,D3949V,D3949V,no alteration,no alteration,no alteration
14,stad_tcga_pan_can_atlas_2018,TCGA-BR-7703-01,TCGA-BR-7703,1,R7999*,R7999*,no alteration,no alteration,no alteration
15,stad_tcga_pan_can_atlas_2018,TCGA-BR-7715-01,TCGA-BR-7715,1,K3920N,K3920N,no alteration,no alteration,no alteration
16,stad_tcga_pan_can_atlas_2018,TCGA-BR-7717-01,TCGA-BR-7717,1,AMP,no alteration,AMP,AMP,no alteration
17,stad_tcga_pan_can_atlas_2018,TCGA-BR-7723-01,TCGA-BR-7723,1,L7034Q,L7034Q,no alteration,no alteration,no alteration
18,stad_tcga_pan_can_atlas_2018,TCGA-BR-7851-01,TCGA-BR-7851,1,R6817Q,R6817Q,no alteration,no alteration,no alteration
19,stad_tcga_pan_can_atlas_2018,TCGA-BR-7901-01,TCGA-BR-7901,1,Q7177H,Q7177H,no alteration,no alteration,no alteration
20,stad_tcga_pan_can_atlas_2018,TCGA-BR-8059-01,TCGA-BR-8059,1,K5499M,K5499M,no alteration,no alteration,no alteration
21,stad_tcga_pan_can_atlas_2018,TCGA-BR-8081-01,TCGA-BR-8081,1,I3896*,I3896*,no alteration,no alteration,no alteration
22,stad_tcga_pan_can_atlas_2018,TCGA-BR-8289-01,TCGA-BR-8289,1,"E4707*, AMP",E4707*,AMP,AMP,no alteration
23,stad_tcga_pan_can_atlas_2018,TCGA-BR-8297-01,TCGA-BR-8297,1,L2463H,L2463H,no alteration,no alteration,no alteration
24,stad_tcga_pan_can_atlas_2018,TCGA-BR-8361-01,TCGA-BR-8361,1,V230A,V230A,no alteration,no alteration,no alteration
25,stad_tcga_pan_can_atlas_2018,TCGA-BR-8363-01,TCGA-BR-8363,1,W4218G,W4218G,no alteration,no alteration,no alteration
26,stad_tcga_pan_can_atlas_2018,TCGA-BR-8368-01,TCGA-BR-8368,1,H7955Y,H7955Y,no alteration,no alteration,no alteration
27,stad_tcga_pan_can_atlas_2018,TCGA-BR-8382-01,TCGA-BR-8382,1,"A8116V, F6654L","A8116V, F6654L",no alteration,no alteration,no alteration
28,stad_tcga_pan_can_atlas_2018,TCGA-BR-8483-01,TCGA-BR-8483,1,R5617*,R5617*,no alteration,no alteration,no alteration
29,stad_tcga_pan_can_atlas_2018,TCGA-BR-8485-01,TCGA-BR-8485,1,"K6736Q, Q2308H","K6736Q, Q2308H",no alteration,no alteration,no alteration
30,stad_tcga_pan_can_atlas_2018,TCGA-BR-8487-01,TCGA-BR-8487,1,"S6032P, W1342Mfs*5","S6032P, W1342Mfs*5",no alteration,no alteration,no alteration
31,stad_tcga_pan_can_atlas_2018,TCGA-BR-8591-01,TCGA-BR-8591,1,A4408T,A4408T,no alteration,no alteration,no alteration
32,stad_tcga_pan_can_atlas_2018,TCGA-BR-8680-01,TCGA-BR-8680,1,"R6451G, A219V, R5617Q, S493F","R6451G, A219V, R5617Q, S493F",no alteration,no alteration,no alteration
33,stad_tcga_pan_can_atlas_2018,TCGA-BR-A452-01,TCGA-BR-A452,1,L446R,L446R,no alteration,no alteration,no alteration
34,stad_tcga_pan_can_atlas_2018,TCGA-BR-A4CQ-01,TCGA-BR-A4CQ,1,"L2463I, P3228S","L2463I, P3228S",no alteration,no alteration,no alteration
35,stad_tcga_pan_can_atlas_2018,TCGA-BR-A4J4-01,TCGA-BR-A4J4,1,L7303F,L7303F,no alteration,no alteration,no alteration
36,stad_tcga_pan_can_atlas_2018,TCGA-BR-A4PD-01,TCGA-BR-A4PD,1,Q4713H,Q4713H,no alteration,no alteration,no alteration
37,stad_tcga_pan_can_atlas_2018,TCGA-BR-A4QL-01,TCGA-BR-A4QL,1,D955Gfs*11,D955Gfs*11,no alteration,no alteration,no alteration
38,stad_tcga_pan_can_atlas_2018,TCGA-CD-5800-01,TCGA-CD-5800,1,"R5371Q, S6589T","R5371Q, S6589T",no alteration,no alteration,no alteration
39,stad_tcga_pan_can_atlas_2018,TCGA-CD-8527-01,TCGA-CD-8527,1,E3925D,E3925D,no alteration,no alteration,no alteration
40,stad_tcga_pan_can_atlas_2018,TCGA-CD-8534-01,TCGA-CD-8534,1,A2724T,A2724T,no alteration,no alteration,no alteration
41,stad_tcga_pan_can_atlas_2018,TCGA-CD-8536-01,TCGA-CD-8536,1,"R3590Q, X260_splice","R3590Q, X260_splice",no alteration,no alteration,no alteration
42,stad_tcga_pan_can_atlas_2018,TCGA-CD-A487-01,TCGA-CD-A487,1,L4620R,L4620R,no alteration,no alteration,no alteration
43,stad_tcga_pan_can_atlas_2018,TCGA-CD-A4MG-01,TCGA-CD-A4MG,1,C3027F,C3027F,no alteration,no alteration,no alteration
44,stad_tcga_pan_can_atlas_2018,TCGA-CD-A4MI-01,TCGA-CD-A4MI,1,I2756*,I2756*,no alteration,no alteration,no alteration
45,stad_tcga_pan_can_atlas_2018,TCGA-CD-A4MJ-01,TCGA-CD-A4MJ,1,R1863W,R1863W,no alteration,no alteration,no alteration
46,stad_tcga_pan_can_atlas_2018,TCGA-CG-4305-01,TCGA-CG-4305,1,"E6524Q, Q1272P","E6524Q, Q1272P",no alteration,no alteration,no alteration
47,stad_tcga_pan_can_atlas_2018,TCGA-CG-4437-01,TCGA-CG-4437,1,"G4975R, G2595V, R82W","G4975R, G2595V, R82W",no alteration,no alteration,no alteration
48,stad_tcga_pan_can_atlas_2018,TCGA-CG-4438-01,TCGA-CG-4438,1,"R81C, S1244T","R81C, S1244T",no alteration,no alteration,no alteration
49,stad_tcga_pan_can_atlas_2018,TCGA-CG-4440-01,TCGA-CG-4440,1,R2596H,R2596H,no alteration,no alteration,no alteration
50,stad_tcga_pan_can_atlas_2018,TCGA-CG-4466-01,TCGA-CG-4466,1,E1705D,E1705D,no alteration,no alteration,no alteration
51,stad_tcga_pan_can_atlas_2018,TCGA-CG-5721-01,TCGA-CG-5721,1,"V155M, R8651C, X5306_splice, I612V","V155M, R8651C, X5306_splice, I612V",no alteration,no alteration,no alteration
52,stad_tcga_pan_can_atlas_2018,TCGA-CG-5722-01,TCGA-CG-5722,1,T3810M,T3810M,no alteration,no alteration,no alteration
53,stad_tcga_pan_can_atlas_2018,TCGA-CG-5724-01,TCGA-CG-5724,1,V7887M,V7887M,no alteration,no alteration,no alteration
54,stad_tcga_pan_can_atlas_2018,TCGA-CG-5726-01,TCGA-CG-5726,1,"A5812T, C7341Y","A5812T, C7341Y",no alteration,no alteration,no alteration
55,stad_tcga_pan_can_atlas_2018,TCGA-CG-5728-01,TCGA-CG-5728,1,"Q2941H, E951K","Q2941H, E951K",no alteration,no alteration,no alteration
56,stad_tcga_pan_can_atlas_2018,TCGA-CG-5733-01,TCGA-CG-5733,1,"E1958*, A727T, S8683P","E1958*, A727T, S8683P",no alteration,no alteration,no alteration
57,stad_tcga_pan_can_atlas_2018,TCGA-D7-5579-01,TCGA-D7-5579,1,K881M,K881M,no alteration,no alteration,no alteration
58,stad_tcga_pan_can_atlas_2018,TCGA-D7-6522-01,TCGA-D7-6522,1,L6598M,L6598M,no alteration,no alteration,no alteration
59,stad_tcga_pan_can_atlas_2018,TCGA-D7-6524-01,TCGA-D7-6524,1,F3915L,F3915L,no alteration,no alteration,no alteration
60,stad_tcga_pan_can_atlas_2018,TCGA-D7-6528-01,TCGA-D7-6528,1,L6072V,L6072V,no alteration,no alteration,no alteration
61,stad_tcga_pan_can_atlas_2018,TCGA-D7-6815-01,TCGA-D7-6815,1,F4694I,F4694I,no alteration,no alteration,no alteration
62,stad_tcga_pan_can_atlas_2018,TCGA-D7-6818-01,TCGA-D7-6818,1,E315D,E315D,no alteration,no alteration,no alteration
63,stad_tcga_pan_can_atlas_2018,TCGA-D7-6822-01,TCGA-D7-6822,1,K5499T,K5499T,no alteration,no alteration,no alteration
64,stad_tcga_pan_can_atlas_2018,TCGA-D7-A4YT-01,TCGA-D7-A4YT,1,AMP,no alteration,AMP,AMP,no alteration
65,stad_tcga_pan_can_atlas_2018,TCGA-D7-A4YV-01,TCGA-D7-A4YV,1,"R1863W, K2769T","R1863W, K2769T",no alteration,no alteration,no alteration
66,stad_tcga_pan_can_atlas_2018,TCGA-D7-A4YY-01,TCGA-D7-A4YY,1,R3492C,R3492C,no alteration,no alteration,no alteration
67,stad_tcga_pan_can_atlas_2018,TCGA-D7-A747-01,TCGA-D7-A747,1,"H6678P, L446P","H6678P, L446P",no alteration,no alteration,no alteration
68,stad_tcga_pan_can_atlas_2018,TCGA-F1-A448-01,TCGA-F1-A448,1,R3805Q,R3805Q,no alteration,no alteration,no alteration
69,stad_tcga_pan_can_atlas_2018,TCGA-FP-8099-01,TCGA-FP-8099,1,Q6590*,Q6590*,no alteration,no alteration,no alteration
70,stad_tcga_pan_can_atlas_2018,TCGA-HF-7132-01,TCGA-HF-7132,1,D52G,D52G,no alteration,no alteration,no alteration
71,stad_tcga_pan_can_atlas_2018,TCGA-HF-7134-01,TCGA-HF-7134,1,"L7173R, X6733_splice","L7173R, X6733_splice",no alteration,no alteration,no alteration
72,stad_tcga_pan_can_atlas_2018,TCGA-HU-8244-01,TCGA-HU-8244,1,Q779E,Q779E,no alteration,no alteration,no alteration
73,stad_tcga_pan_can_atlas_2018,TCGA-HU-A4G8-01,TCGA-HU-A4G8,1,T244S,T244S,no alteration,no alteration,no alteration
74,stad_tcga_pan_can_atlas_2018,TCGA-HU-A4GC-01,TCGA-HU-A4GC,1,K5642Q,K5642Q,no alteration,no alteration,no alteration
75,stad_tcga_pan_can_atlas_2018,TCGA-HU-A4GH-01,TCGA-HU-A4GH,1,"V2441G, M485I, AMP","V2441G, M485I",AMP,AMP,no alteration
76,stad_tcga_pan_can_atlas_2018,TCGA-HU-A4GN-01,TCGA-HU-A4GN,1,I5914Nfs*13,I5914Nfs*13,no alteration,no alteration,no alteration
77,stad_tcga_pan_can_atlas_2018,TCGA-HU-A4GQ-01,TCGA-HU-A4GQ,1,"T94M, R8095C","T94M, R8095C",no alteration,no alteration,no alteration
78,stad_tcga_pan_can_atlas_2018,TCGA-HU-A4GT-01,TCGA-HU-A4GT,1,V3552M,V3552M,no alteration,no alteration,no alteration
79,stad_tcga_pan_can_atlas_2018,TCGA-HU-A4GU-01,TCGA-HU-A4GU,1,"R5194H, A5283T","R5194H, A5283T",no alteration,no alteration,no alteration
80,stad_tcga_pan_can_atlas_2018,TCGA-HU-A4H3-01,TCGA-HU-A4H3,1,"Q5894*, S5427I","Q5894*, S5427I",no alteration,no alteration,no alteration
81,stad_tcga_pan_can_atlas_2018,TCGA-HU-A4H4-01,TCGA-HU-A4H4,1,Q3349P,Q3349P,no alteration,no alteration,no alteration
82,stad_tcga_pan_can_atlas_2018,TCGA-HU-A4H5-01,TCGA-HU-A4H5,1,S4266F,S4266F,no alteration,no alteration,no alteration
83,stad_tcga_pan_can_atlas_2018,TCGA-HU-A4H6-01,TCGA-HU-A4H6,1,E4957K,E4957K,no alteration,no alteration,no alteration
84,stad_tcga_pan_can_atlas_2018,TCGA-IN-A6RL-01,TCGA-IN-A6RL,1,N7059H,N7059H,no alteration,no alteration,no alteration
85,stad_tcga_pan_can_atlas_2018,TCGA-IN-A6RS-01,TCGA-IN-A6RS,1,K3290Q,K3290Q,no alteration,no alteration,no alteration
86,stad_tcga_pan_can_atlas_2018,TCGA-KB-A93G-01,TCGA-KB-A93G,1,Q5000E,Q5000E,no alteration,no alteration,no alteration
87,stad_tcga_pan_can_atlas_2018,TCGA-MX-A5UJ-01,TCGA-MX-A5UJ,1,"R5964C, K4372E","R5964C, K4372E",no alteration,no alteration,no alteration
88,stad_tcga_pan_can_atlas_2018,TCGA-MX-A663-01,TCGA-MX-A663,1,D3949G,D3949G,no alteration,no alteration,no alteration
89,stad_tcga_pan_can_atlas_2018,TCGA-R5-A7O7-01,TCGA-R5-A7O7,1,"R444W, G7485R","R444W, G7485R",no alteration,no alteration,no alteration
90,stad_tcga_pan_can_atlas_2018,TCGA-R5-A7ZI-01,TCGA-R5-A7ZI,1,"L5181M, E4799Rfs*6, K4105E, G3992C, T3740I","L5181M, E4799Rfs*6, K4105E, G3992C, T3740I",no alteration,no alteration,no alteration
91,stad_tcga_pan_can_atlas_2018,TCGA-R5-A7ZR-01,TCGA-R5-A7ZR,1,I3909M,I3909M,no alteration,no alteration,no alteration
92,stad_tcga_pan_can_atlas_2018,TCGA-RD-A7BT-01,TCGA-RD-A7BT,1,L7238R,L7238R,no alteration,no alteration,no alteration
93,stad_tcga_pan_can_atlas_2018,TCGA-RD-A8NB-01,TCGA-RD-A8NB,1,L4228M,L4228M,no alteration,no alteration,no alteration
94,stad_tcga_pan_can_atlas_2018,TCGA-SW-A7EB-01,TCGA-SW-A7EB,1,Q6596E,Q6596E,no alteration,no alteration,no alteration
95,stad_tcga_pan_can_atlas_2018,TCGA-VQ-A8DV-01,TCGA-VQ-A8DV,1,T4271I,T4271I,no alteration,no alteration,no alteration
96,stad_tcga_pan_can_atlas_2018,TCGA-VQ-A8P2-01,TCGA-VQ-A8P2,1,"P816L, R2663W, S7896I, S1942Y, S1362I, R1284Q, X450_splice, E436D, R7549H","P816L, R2663W, S7896I, S1942Y, S1362I, R1284Q, X450_splice, E436D, R7549H",no alteration,no alteration,no alteration
97,stad_tcga_pan_can_atlas_2018,TCGA-VQ-A8P3-01,TCGA-VQ-A8P3,1,"E5516G, L4415R, K930T","E5516G, L4415R, K930T",no alteration,no alteration,no alteration
98,stad_tcga_pan_can_atlas_2018,TCGA-VQ-A8PB-01,TCGA-VQ-A8PB,1,A3410V,A3410V,no alteration,no alteration,no alteration
99,stad_tcga_pan_can_atlas_2018,TCGA-VQ-A8PD-01,TCGA-VQ-A8PD,1,V4189M,V4189M,no alteration,no alteration,no alteration
100,stad_tcga_pan_can_atlas_2018,TCGA-VQ-A8PO-01,TCGA-VQ-A8PO,1,"X7219_splice, L5293V","X7219_splice, L5293V",no alteration,no alteration,no alteration
101,stad_tcga_pan_can_atlas_2018,TCGA-VQ-A8PP-01,TCGA-VQ-A8PP,1,"T4808M, Q1851*","T4808M, Q1851*",no alteration,no alteration,no alteration
102,stad_tcga_pan_can_atlas_2018,TCGA-VQ-A8PX-01,TCGA-VQ-A8PX,1,L5386V,L5386V,no alteration,no alteration,no alteration
103,stad_tcga_pan_can_atlas_2018,TCGA-VQ-A91D-01,TCGA-VQ-A91D,1,S7896N,S7896N,no alteration,no alteration,no alteration
104,stad_tcga_pan_can_atlas_2018,TCGA-VQ-A91N-01,TCGA-VQ-A91N,1,Q995K,Q995K,no alteration,no alteration,no alteration
105,stad_tcga_pan_can_atlas_2018,TCGA-VQ-A91U-01,TCGA-VQ-A91U,1,E4519K,E4519K,no alteration,no alteration,no alteration
106,stad_tcga_pan_can_atlas_2018,TCGA-VQ-A91X-01,TCGA-VQ-A91X,1,E2495G,E2495G,no alteration,no alteration,no alteration
107,stad_tcga_pan_can_atlas_2018,TCGA-VQ-A923-01,TCGA-VQ-A923,1,R4982H,R4982H,no alteration,no alteration,no alteration
108,stad_tcga_pan_can_atlas_2018,TCGA-VQ-A924-01,TCGA-VQ-A924,1,"V7205M, A1982Hfs*10","V7205M, A1982Hfs*10",no alteration,no alteration,no alteration
109,stad_tcga_pan_can_atlas_2018,TCGA-VQ-A94P-01,TCGA-VQ-A94P,1,L3023M,L3023M,no alteration,no alteration,no alteration
110,stad_tcga_pan_can_atlas_2018,TCGA-VQ-AA68-01,TCGA-VQ-AA68,1,N7918K,N7918K,no alteration,no alteration,no alteration
111,stad_tcga_pan_can_atlas_2018,TCGA-VQ-AA6D-01,TCGA-VQ-AA6D,1,M8596Cfs*3,M8596Cfs*3,no alteration,no alteration,no alteration
112,stad_tcga_pan_can_atlas_2018,TCGA-ZQ-A9CR-01,TCGA-ZQ-A9CR,1,K1556N,K1556N,no alteration,no alteration,no alteration
113,stad_tcga_pan_can_atlas_2018,TCGA-3M-AB46-01,TCGA-3M-AB46,0,no alteration,no alteration,no alteration,no alteration,no alteration
114,stad_tcga_pan_can_atlas_2018,TCGA-3M-AB47-01,TCGA-3M-AB47,0,no alteration,no alteration,no alteration,no alteration,no alteration
115,stad_tcga_pan_can_atlas_2018,TCGA-B7-5818-01,TCGA-B7-5818,0,no alteration,no alteration,no alteration,no alteration,no alteration
116,stad_tcga_pan_can_atlas_2018,TCGA-B7-A5TI-01,TCGA-B7-A5TI,0,no alteration,no alteration,no alteration,no alteration,no alteration
117,stad_tcga_pan_can_atlas_2018,TCGA-B7-A5TJ-01,TCGA-B7-A5TJ,0,no alteration,no alteration,no alteration,no alteration,no alteration
118,stad_tcga_pan_can_atlas_2018,TCGA-B7-A5TK-01,TCGA-B7-A5TK,0,no alteration,no alteration,no alteration,no alteration,no alteration
119,stad_tcga_pan_can_atlas_2018,TCGA-BR-4183-01,TCGA-BR-4183,0,no alteration,no alteration,no alteration,no alteration,no alteration
120,stad_tcga_pan_can_atlas_2018,TCGA-BR-4187-01,TCGA-BR-4187,0,no alteration,no alteration,no alteration,no alteration,no alteration
121,stad_tcga_pan_can_atlas_2018,TCGA-BR-4188-01,TCGA-BR-4188,0,no alteration,no alteration,no alteration,no alteration,no alteration
122,stad_tcga_pan_can_atlas_2018,TCGA-BR-4191-01,TCGA-BR-4191,0,no alteration,no alteration,no alteration,no alteration,no alteration
123,stad_tcga_pan_can_atlas_2018,TCGA-BR-4201-01,TCGA-BR-4201,0,no alteration,no alteration,no alteration,no alteration,no alteration
124,stad_tcga_pan_can_atlas_2018,TCGA-BR-4253-01,TCGA-BR-4253,0,no alteration,no alteration,no alteration,no alteration,no alteration
125,stad_tcga_pan_can_atlas_2018,TCGA-BR-4255-01,TCGA-BR-4255,0,no alteration,no alteration,no alteration,no alteration,no alteration
126,stad_tcga_pan_can_atlas_2018,TCGA-BR-4267-01,TCGA-BR-4267,0,no alteration,no alteration,no alteration,no alteration,no alteration
127,stad_tcga_pan_can_atlas_2018,TCGA-BR-4279-01,TCGA-BR-4279,0,no alteration,no alteration,no alteration,no alteration,no alteration
128,stad_tcga_pan_can_atlas_2018,TCGA-BR-4280-01,TCGA-BR-4280,0,no alteration,no alteration,no alteration,no alteration,no alteration
129,stad_tcga_pan_can_atlas_2018,TCGA-BR-4294-01,TCGA-BR-4294,0,no alteration,no alteration,no alteration,no alteration,no alteration
130,stad_tcga_pan_can_atlas_2018,TCGA-BR-4357-01,TCGA-BR-4357,0,no alteration,no alteration,no alteration,no alteration,no alteration
131,stad_tcga_pan_can_atlas_2018,TCGA-BR-4362-01,TCGA-BR-4362,0,no alteration,no alteration,no alteration,no alteration,no alteration
132,stad_tcga_pan_can_atlas_2018,TCGA-BR-4366-01,TCGA-BR-4366,0,no alteration,no alteration,no alteration,no alteration,no alteration
133,stad_tcga_pan_can_atlas_2018,TCGA-BR-4367-01,TCGA-BR-4367,0,no alteration,not profiled,no alteration,no alteration,not profiled
134,stad_tcga_pan_can_atlas_2018,TCGA-BR-4369-01,TCGA-BR-4369,0,no alteration,no alteration,no alteration,no alteration,no alteration
135,stad_tcga_pan_can_atlas_2018,TCGA-BR-4370-01,TCGA-BR-4370,0,no alteration,no alteration,no alteration,no alteration,no alteration
136,stad_tcga_pan_can_atlas_2018,TCGA-BR-4371-01,TCGA-BR-4371,0,no alteration,no alteration,no alteration,no alteration,no alteration
137,stad_tcga_pan_can_atlas_2018,TCGA-BR-6453-01,TCGA-BR-6453,0,no alteration,no alteration,no alteration,no alteration,no alteration
138,stad_tcga_pan_can_atlas_2018,TCGA-BR-6454-01,TCGA-BR-6454,0,no alteration,no alteration,no alteration,no alteration,no alteration
139,stad_tcga_pan_can_atlas_2018,TCGA-BR-6455-01,TCGA-BR-6455,0,no alteration,no alteration,no alteration,no alteration,no alteration
140,stad_tcga_pan_can_atlas_2018,TCGA-BR-6456-01,TCGA-BR-6456,0,no alteration,no alteration,no alteration,no alteration,no alteration
141,stad_tcga_pan_can_atlas_2018,TCGA-BR-6457-01,TCGA-BR-6457,0,no alteration,no alteration,no alteration,no alteration,no alteration
142,stad_tcga_pan_can_atlas_2018,TCGA-BR-6458-01,TCGA-BR-6458,0,no alteration,no alteration,no alteration,no alteration,no alteration
143,stad_tcga_pan_can_atlas_2018,TCGA-BR-6563-01,TCGA-BR-6563,0,no alteration,no alteration,no alteration,no alteration,no alteration
144,stad_tcga_pan_can_atlas_2018,TCGA-BR-6564-01,TCGA-BR-6564,0,no alteration,no alteration,no alteration,no alteration,no alteration
145,stad_tcga_pan_can_atlas_2018,TCGA-BR-6705-01,TCGA-BR-6705,0,no alteration,no alteration,no alteration,no alteration,no alteration
146,stad_tcga_pan_can_atlas_2018,TCGA-BR-6706-01,TCGA-BR-6706,0,no alteration,no alteration,no alteration,no alteration,no alteration
147,stad_tcga_pan_can_atlas_2018,TCGA-BR-6707-01,TCGA-BR-6707,0,no alteration,no alteration,no alteration,no alteration,no alteration
148,stad_tcga_pan_can_atlas_2018,TCGA-BR-6709-01,TCGA-BR-6709,0,no alteration,no alteration,no alteration,no alteration,no alteration
149,stad_tcga_pan_can_atlas_2018,TCGA-BR-6710-01,TCGA-BR-6710,0,no alteration,not profiled,no alteration,no alteration,not profiled
150,stad_tcga_pan_can_atlas_2018,TCGA-BR-6801-01,TCGA-BR-6801,0,no alteration,no alteration,no alteration,no alteration,no alteration
151,stad_tcga_pan_can_atlas_2018,TCGA-BR-6802-01,TCGA-BR-6802,0,no alteration,no alteration,no alteration,no alteration,no alteration
152,stad_tcga_pan_can_atlas_2018,TCGA-BR-6803-01,TCGA-BR-6803,0,no alteration,no alteration,no alteration,no alteration,no alteration
153,stad_tcga_pan_can_atlas_2018,TCGA-BR-7196-01,TCGA-BR-7196,0,no alteration,no alteration,no alteration,no alteration,no alteration
154,stad_tcga_pan_can_atlas_2018,TCGA-BR-7704-01,TCGA-BR-7704,0,no alteration,no alteration,no alteration,no alteration,no alteration
155,stad_tcga_pan_can_atlas_2018,TCGA-BR-7707-01,TCGA-BR-7707,0,no alteration,no alteration,no alteration,no alteration,no alteration
156,stad_tcga_pan_can_atlas_2018,TCGA-BR-7716-01,TCGA-BR-7716,0,no alteration,no alteration,no alteration,no alteration,no alteration
157,stad_tcga_pan_can_atlas_2018,TCGA-BR-7722-01,TCGA-BR-7722,0,no alteration,no alteration,no alteration,no alteration,no alteration
158,stad_tcga_pan_can_atlas_2018,TCGA-BR-7957-01,TCGA-BR-7957,0,no alteration,no alteration,no alteration,no alteration,no alteration
159,stad_tcga_pan_can_atlas_2018,TCGA-BR-7958-01,TCGA-BR-7958,0,no alteration,no alteration,no alteration,no alteration,no alteration
160,stad_tcga_pan_can_atlas_2018,TCGA-BR-7959-01,TCGA-BR-7959,0,no alteration,no alteration,no alteration,no alteration,no alteration
161,stad_tcga_pan_can_atlas_2018,TCGA-BR-8058-01,TCGA-BR-8058,0,no alteration,no alteration,no alteration,no alteration,no alteration
162,stad_tcga_pan_can_atlas_2018,TCGA-BR-8060-01,TCGA-BR-8060,0,no alteration,no alteration,no alteration,no alteration,no alteration
163,stad_tcga_pan_can_atlas_2018,TCGA-BR-8077-01,TCGA-BR-8077,0,no alteration,no alteration,no alteration,no alteration,no alteration
164,stad_tcga_pan_can_atlas_2018,TCGA-BR-8078-01,TCGA-BR-8078,0,no alteration,no alteration,no alteration,no alteration,no alteration
165,stad_tcga_pan_can_atlas_2018,TCGA-BR-8080-01,TCGA-BR-8080,0,no alteration,no alteration,no alteration,no alteration,no alteration
166,stad_tcga_pan_can_atlas_2018,TCGA-BR-8284-01,TCGA-BR-8284,0,no alteration,no alteration,no alteration,no alteration,no alteration
167,stad_tcga_pan_can_atlas_2018,TCGA-BR-8285-01,TCGA-BR-8285,0,no alteration,no alteration,no alteration,no alteration,no alteration
168,stad_tcga_pan_can_atlas_2018,TCGA-BR-8286-01,TCGA-BR-8286,0,no alteration,no alteration,no alteration,no alteration,no alteration
169,stad_tcga_pan_can_atlas_2018,TCGA-BR-8291-01,TCGA-BR-8291,0,no alteration,no alteration,no alteration,no alteration,no alteration
170,stad_tcga_pan_can_atlas_2018,TCGA-BR-8295-01,TCGA-BR-8295,0,no alteration,no alteration,no alteration,no alteration,no alteration
171,stad_tcga_pan_can_atlas_2018,TCGA-BR-8296-01,TCGA-BR-8296,0,no alteration,no alteration,no alteration,no alteration,no alteration
172,stad_tcga_pan_can_atlas_2018,TCGA-BR-8360-01,TCGA-BR-8360,0,no alteration,no alteration,no alteration,no alteration,no alteration
173,stad_tcga_pan_can_atlas_2018,TCGA-BR-8362-01,TCGA-BR-8362,0,no alteration,not profiled,no alteration,no alteration,not profiled
174,stad_tcga_pan_can_atlas_2018,TCGA-BR-8364-01,TCGA-BR-8364,0,no alteration,no alteration,no alteration,no alteration,no alteration
175,stad_tcga_pan_can_atlas_2018,TCGA-BR-8365-01,TCGA-BR-8365,0,no alteration,no alteration,no alteration,no alteration,no alteration
176,stad_tcga_pan_can_atlas_2018,TCGA-BR-8366-01,TCGA-BR-8366,0,no alteration,no alteration,no alteration,no alteration,no alteration
177,stad_tcga_pan_can_atlas_2018,TCGA-BR-8367-01,TCGA-BR-8367,0,no alteration,no alteration,no alteration,no alteration,no alteration
178,stad_tcga_pan_can_atlas_2018,TCGA-BR-8369-01,TCGA-BR-8369,0,no alteration,no alteration,no alteration,no alteration,no alteration
179,stad_tcga_pan_can_atlas_2018,TCGA-BR-8370-01,TCGA-BR-8370,0,no alteration,no alteration,no alteration,no alteration,no alteration
180,stad_tcga_pan_can_atlas_2018,TCGA-BR-8371-01,TCGA-BR-8371,0,no alteration,no alteration,no alteration,no alteration,no alteration
181,stad_tcga_pan_can_atlas_2018,TCGA-BR-8372-01,TCGA-BR-8372,0,no alteration,no alteration,no alteration,no alteration,no alteration
182,stad_tcga_pan_can_atlas_2018,TCGA-BR-8373-01,TCGA-BR-8373,0,no alteration,no alteration,no alteration,no alteration,no alteration
183,stad_tcga_pan_can_atlas_2018,TCGA-BR-8380-01,TCGA-BR-8380,0,no alteration,no alteration,no alteration,no alteration,no alteration
184,stad_tcga_pan_can_atlas_2018,TCGA-BR-8381-01,TCGA-BR-8381,0,no alteration,no alteration,no alteration,no alteration,no alteration
185,stad_tcga_pan_can_atlas_2018,TCGA-BR-8384-01,TCGA-BR-8384,0,no alteration,no alteration,no alteration,no alteration,no alteration
186,stad_tcga_pan_can_atlas_2018,TCGA-BR-8484-01,TCGA-BR-8484,0,no alteration,no alteration,no alteration,no alteration,no alteration
187,stad_tcga_pan_can_atlas_2018,TCGA-BR-8486-01,TCGA-BR-8486,0,no alteration,no alteration,no alteration,no alteration,no alteration
188,stad_tcga_pan_can_atlas_2018,TCGA-BR-8588-01,TCGA-BR-8588,0,no alteration,no alteration,no alteration,no alteration,no alteration
189,stad_tcga_pan_can_atlas_2018,TCGA-BR-8589-01,TCGA-BR-8589,0,no alteration,no alteration,no alteration,no alteration,no alteration
190,stad_tcga_pan_can_atlas_2018,TCGA-BR-8590-01,TCGA-BR-8590,0,no alteration,no alteration,no alteration,no alteration,no alteration
191,stad_tcga_pan_can_atlas_2018,TCGA-BR-8592-01,TCGA-BR-8592,0,no alteration,no alteration,no alteration,no alteration,no alteration
192,stad_tcga_pan_can_atlas_2018,TCGA-BR-8676-01,TCGA-BR-8676,0,no alteration,no alteration,no alteration,no alteration,no alteration
193,stad_tcga_pan_can_atlas_2018,TCGA-BR-8677-01,TCGA-BR-8677,0,no alteration,no alteration,no alteration,no alteration,no alteration
194,stad_tcga_pan_can_atlas_2018,TCGA-BR-8678-01,TCGA-BR-8678,0,no alteration,no alteration,no alteration,no alteration,no alteration
195,stad_tcga_pan_can_atlas_2018,TCGA-BR-8679-01,TCGA-BR-8679,0,no alteration,no alteration,no alteration,no alteration,no alteration
196,stad_tcga_pan_can_atlas_2018,TCGA-BR-8682-01,TCGA-BR-8682,0,no alteration,no alteration,no alteration,no alteration,no alteration
197,stad_tcga_pan_can_atlas_2018,TCGA-BR-8683-01,TCGA-BR-8683,0,no alteration,no alteration,no alteration,no alteration,no alteration
198,stad_tcga_pan_can_atlas_2018,TCGA-BR-8686-01,TCGA-BR-8686,0,no alteration,no alteration,no alteration,no alteration,no alteration
199,stad_tcga_pan_can_atlas_2018,TCGA-BR-8687-01,TCGA-BR-8687,0,no alteration,no alteration,no alteration,no alteration,no alteration
200,stad_tcga_pan_can_atlas_2018,TCGA-BR-8690-01,TCGA-BR-8690,0,no alteration,no alteration,no alteration,no alteration,no alteration
201,stad_tcga_pan_can_atlas_2018,TCGA-BR-A44T-01,TCGA-BR-A44T,0,no alteration,no alteration,no alteration,no alteration,no alteration
202,stad_tcga_pan_can_atlas_2018,TCGA-BR-A44U-01,TCGA-BR-A44U,0,no alteration,no alteration,no alteration,no alteration,no alteration
203,stad_tcga_pan_can_atlas_2018,TCGA-BR-A453-01,TCGA-BR-A453,0,no alteration,no alteration,no alteration,no alteration,no alteration
204,stad_tcga_pan_can_atlas_2018,TCGA-BR-A4CR-01,TCGA-BR-A4CR,0,no alteration,no alteration,no alteration,no alteration,no alteration
205,stad_tcga_pan_can_atlas_2018,TCGA-BR-A4CS-01,TCGA-BR-A4CS,0,no alteration,no alteration,no alteration,no alteration,no alteration
206,stad_tcga_pan_can_atlas_2018,TCGA-BR-A4IU-01,TCGA-BR-A4IU,0,no alteration,no alteration,no alteration,no alteration,no alteration
207,stad_tcga_pan_can_atlas_2018,TCGA-BR-A4IV-01,TCGA-BR-A4IV,0,no alteration,no alteration,no alteration,no alteration,no alteration
208,stad_tcga_pan_can_atlas_2018,TCGA-BR-A4IY-01,TCGA-BR-A4IY,0,no alteration,no alteration,no alteration,no alteration,no alteration
209,stad_tcga_pan_can_atlas_2018,TCGA-BR-A4IZ-01,TCGA-BR-A4IZ,0,no alteration,no alteration,no alteration,no alteration,no alteration
210,stad_tcga_pan_can_atlas_2018,TCGA-BR-A4J1-01,TCGA-BR-A4J1,0,no alteration,no alteration,no alteration,no alteration,no alteration
211,stad_tcga_pan_can_atlas_2018,TCGA-BR-A4J2-01,TCGA-BR-A4J2,0,no alteration,no alteration,no alteration,no alteration,no alteration
212,stad_tcga_pan_can_atlas_2018,TCGA-BR-A4J5-01,TCGA-BR-A4J5,0,no alteration,no alteration,no alteration,no alteration,no alteration
213,stad_tcga_pan_can_atlas_2018,TCGA-BR-A4J6-01,TCGA-BR-A4J6,0,no alteration,no alteration,no alteration,no alteration,no alteration
214,stad_tcga_pan_can_atlas_2018,TCGA-BR-A4J7-01,TCGA-BR-A4J7,0,no alteration,no alteration,no alteration,no alteration,no alteration
215,stad_tcga_pan_can_atlas_2018,TCGA-BR-A4J8-01,TCGA-BR-A4J8,0,no alteration,no alteration,no alteration,no alteration,no alteration
216,stad_tcga_pan_can_atlas_2018,TCGA-BR-A4J9-01,TCGA-BR-A4J9,0,no alteration,no alteration,no alteration,no alteration,no alteration
217,stad_tcga_pan_can_atlas_2018,TCGA-BR-A4PE-01,TCGA-BR-A4PE,0,no alteration,no alteration,no alteration,no alteration,no alteration
218,stad_tcga_pan_can_atlas_2018,TCGA-BR-A4PF-01,TCGA-BR-A4PF,0,no alteration,no alteration,no alteration,no alteration,no alteration
219,stad_tcga_pan_can_atlas_2018,TCGA-BR-A4QI-01,TCGA-BR-A4QI,0,no alteration,no alteration,no alteration,no alteration,no alteration
220,stad_tcga_pan_can_atlas_2018,TCGA-BR-A4QM-01,TCGA-BR-A4QM,0,no alteration,no alteration,no alteration,no alteration,no alteration
221,stad_tcga_pan_can_atlas_2018,TCGA-CD-5798-01,TCGA-CD-5798,0,no alteration,no alteration,no alteration,no alteration,no alteration
222,stad_tcga_pan_can_atlas_2018,TCGA-CD-5799-01,TCGA-CD-5799,0,no alteration,no alteration,no alteration,no alteration,no alteration
223,stad_tcga_pan_can_atlas_2018,TCGA-CD-5801-01,TCGA-CD-5801,0,no alteration,no alteration,no alteration,no alteration,no alteration
224,stad_tcga_pan_can_atlas_2018,TCGA-CD-5802-01,TCGA-CD-5802,0,no alteration,no alteration,no alteration,no alteration,no alteration
225,stad_tcga_pan_can_atlas_2018,TCGA-CD-5803-01,TCGA-CD-5803,0,no alteration,no alteration,no alteration,no alteration,no alteration
226,stad_tcga_pan_can_atlas_2018,TCGA-CD-5804-01,TCGA-CD-5804,0,no alteration,no alteration,no alteration,no alteration,no alteration
227,stad_tcga_pan_can_atlas_2018,TCGA-CD-5813-01,TCGA-CD-5813,0,no alteration,no alteration,not profiled,not profiled,no alteration
228,stad_tcga_pan_can_atlas_2018,TCGA-CD-8524-01,TCGA-CD-8524,0,no alteration,no alteration,no alteration,no alteration,no alteration
229,stad_tcga_pan_can_atlas_2018,TCGA-CD-8525-01,TCGA-CD-8525,0,no alteration,no alteration,no alteration,no alteration,no alteration
230,stad_tcga_pan_can_atlas_2018,TCGA-CD-8526-01,TCGA-CD-8526,0,no alteration,no alteration,no alteration,no alteration,no alteration
231,stad_tcga_pan_can_atlas_2018,TCGA-CD-8528-01,TCGA-CD-8528,0,no alteration,no alteration,no alteration,no alteration,no alteration
232,stad_tcga_pan_can_atlas_2018,TCGA-CD-8529-01,TCGA-CD-8529,0,no alteration,no alteration,no alteration,no alteration,no alteration
233,stad_tcga_pan_can_atlas_2018,TCGA-CD-8530-01,TCGA-CD-8530,0,no alteration,no alteration,no alteration,no alteration,no alteration
234,stad_tcga_pan_can_atlas_2018,TCGA-CD-8531-01,TCGA-CD-8531,0,no alteration,no alteration,no alteration,no alteration,no alteration
235,stad_tcga_pan_can_atlas_2018,TCGA-CD-8532-01,TCGA-CD-8532,0,no alteration,no alteration,no alteration,no alteration,no alteration
236,stad_tcga_pan_can_atlas_2018,TCGA-CD-8533-01,TCGA-CD-8533,0,no alteration,no alteration,no alteration,no alteration,no alteration
237,stad_tcga_pan_can_atlas_2018,TCGA-CD-8535-01,TCGA-CD-8535,0,no alteration,no alteration,no alteration,no alteration,no alteration
238,stad_tcga_pan_can_atlas_2018,TCGA-CD-A486-01,TCGA-CD-A486,0,no alteration,no alteration,no alteration,no alteration,no alteration
239,stad_tcga_pan_can_atlas_2018,TCGA-CD-A489-01,TCGA-CD-A489,0,no alteration,no alteration,no alteration,no alteration,no alteration
240,stad_tcga_pan_can_atlas_2018,TCGA-CD-A48A-01,TCGA-CD-A48A,0,no alteration,no alteration,no alteration,no alteration,no alteration
241,stad_tcga_pan_can_atlas_2018,TCGA-CD-A48C-01,TCGA-CD-A48C,0,no alteration,no alteration,no alteration,no alteration,no alteration
242,stad_tcga_pan_can_atlas_2018,TCGA-CD-A4MH-01,TCGA-CD-A4MH,0,no alteration,no alteration,no alteration,no alteration,no alteration
243,stad_tcga_pan_can_atlas_2018,TCGA-CG-4300-01,TCGA-CG-4300,0,no alteration,no alteration,no alteration,no alteration,no alteration
244,stad_tcga_pan_can_atlas_2018,TCGA-CG-4301-01,TCGA-CG-4301,0,no alteration,no alteration,no alteration,no alteration,no alteration
245,stad_tcga_pan_can_atlas_2018,TCGA-CG-4304-01,TCGA-CG-4304,0,no alteration,no alteration,no alteration,no alteration,no alteration
246,stad_tcga_pan_can_atlas_2018,TCGA-CG-4306-01,TCGA-CG-4306,0,no alteration,no alteration,no alteration,no alteration,no alteration
247,stad_tcga_pan_can_atlas_2018,TCGA-CG-4436-01,TCGA-CG-4436,0,no alteration,no alteration,no alteration,no alteration,no alteration
248,stad_tcga_pan_can_atlas_2018,TCGA-CG-4441-01,TCGA-CG-4441,0,no alteration,no alteration,no alteration,no alteration,no alteration
249,stad_tcga_pan_can_atlas_2018,TCGA-CG-4442-01,TCGA-CG-4442,0,no alteration,no alteration,no alteration,no alteration,no alteration
250,stad_tcga_pan_can_atlas_2018,TCGA-CG-4443-01,TCGA-CG-4443,0,no alteration,no alteration,no alteration,no alteration,no alteration
251,stad_tcga_pan_can_atlas_2018,TCGA-CG-4444-01,TCGA-CG-4444,0,no alteration,no alteration,no alteration,no alteration,no alteration
252,stad_tcga_pan_can_atlas_2018,TCGA-CG-4449-01,TCGA-CG-4449,0,no alteration,no alteration,no alteration,no alteration,no alteration
253,stad_tcga_pan_can_atlas_2018,TCGA-CG-4455-01,TCGA-CG-4455,0,no alteration,no alteration,no alteration,no alteration,no alteration
254,stad_tcga_pan_can_atlas_2018,TCGA-CG-4462-01,TCGA-CG-4462,0,no alteration,no alteration,no alteration,no alteration,no alteration
255,stad_tcga_pan_can_atlas_2018,TCGA-CG-4465-01,TCGA-CG-4465,0,no alteration,no alteration,no alteration,no alteration,no alteration
256,stad_tcga_pan_can_atlas_2018,TCGA-CG-4469-01,TCGA-CG-4469,0,no alteration,no alteration,no alteration,no alteration,no alteration
257,stad_tcga_pan_can_atlas_2018,TCGA-CG-4472-01,TCGA-CG-4472,0,no alteration,not profiled,no alteration,no alteration,not profiled
258,stad_tcga_pan_can_atlas_2018,TCGA-CG-4474-01,TCGA-CG-4474,0,no alteration,no alteration,no alteration,no alteration,no alteration
259,stad_tcga_pan_can_atlas_2018,TCGA-CG-4475-01,TCGA-CG-4475,0,no alteration,no alteration,no alteration,no alteration,no alteration
260,stad_tcga_pan_can_atlas_2018,TCGA-CG-4476-01,TCGA-CG-4476,0,no alteration,no alteration,no alteration,no alteration,no alteration
261,stad_tcga_pan_can_atlas_2018,TCGA-CG-4477-01,TCGA-CG-4477,0,no alteration,no alteration,no alteration,no alteration,no alteration
262,stad_tcga_pan_can_atlas_2018,TCGA-CG-5717-01,TCGA-CG-5717,0,no alteration,no alteration,no alteration,no alteration,no alteration
263,stad_tcga_pan_can_atlas_2018,TCGA-CG-5718-01,TCGA-CG-5718,0,no alteration,no alteration,no alteration,no alteration,no alteration
264,stad_tcga_pan_can_atlas_2018,TCGA-CG-5719-01,TCGA-CG-5719,0,no alteration,no alteration,no alteration,no alteration,no alteration
265,stad_tcga_pan_can_atlas_2018,TCGA-CG-5720-01,TCGA-CG-5720,0,no alteration,no alteration,no alteration,no alteration,no alteration
266,stad_tcga_pan_can_atlas_2018,TCGA-CG-5723-01,TCGA-CG-5723,0,no alteration,no alteration,no alteration,no alteration,no alteration
267,stad_tcga_pan_can_atlas_2018,TCGA-CG-5725-01,TCGA-CG-5725,0,no alteration,no alteration,no alteration,no alteration,no alteration
268,stad_tcga_pan_can_atlas_2018,TCGA-CG-5727-01,TCGA-CG-5727,0,no alteration,no alteration,no alteration,no alteration,no alteration
269,stad_tcga_pan_can_atlas_2018,TCGA-CG-5730-01,TCGA-CG-5730,0,no alteration,no alteration,no alteration,no alteration,no alteration
270,stad_tcga_pan_can_atlas_2018,TCGA-CG-5732-01,TCGA-CG-5732,0,no alteration,no alteration,no alteration,no alteration,no alteration
271,stad_tcga_pan_can_atlas_2018,TCGA-CG-5734-01,TCGA-CG-5734,0,no alteration,no alteration,no alteration,no alteration,no alteration
272,stad_tcga_pan_can_atlas_2018,TCGA-D7-5577-01,TCGA-D7-5577,0,no alteration,no alteration,no alteration,no alteration,no alteration
273,stad_tcga_pan_can_atlas_2018,TCGA-D7-5578-01,TCGA-D7-5578,0,no alteration,no alteration,no alteration,no alteration,no alteration
274,stad_tcga_pan_can_atlas_2018,TCGA-D7-6518-01,TCGA-D7-6518,0,no alteration,no alteration,no alteration,no alteration,no alteration
275,stad_tcga_pan_can_atlas_2018,TCGA-D7-6519-01,TCGA-D7-6519,0,no alteration,no alteration,no alteration,no alteration,no alteration
276,stad_tcga_pan_can_atlas_2018,TCGA-D7-6520-01,TCGA-D7-6520,0,no alteration,no alteration,no alteration,no alteration,no alteration
277,stad_tcga_pan_can_atlas_2018,TCGA-D7-6521-01,TCGA-D7-6521,0,no alteration,no alteration,no alteration,no alteration,no alteration
278,stad_tcga_pan_can_atlas_2018,TCGA-D7-6525-01,TCGA-D7-6525,0,no alteration,no alteration,no alteration,no alteration,no alteration
279,stad_tcga_pan_can_atlas_2018,TCGA-D7-6526-01,TCGA-D7-6526,0,no alteration,no alteration,no alteration,no alteration,no alteration
280,stad_tcga_pan_can_atlas_2018,TCGA-D7-6527-01,TCGA-D7-6527,0,no alteration,no alteration,no alteration,no alteration,no alteration
281,stad_tcga_pan_can_atlas_2018,TCGA-D7-6817-01,TCGA-D7-6817,0,no alteration,no alteration,no alteration,no alteration,no alteration
282,stad_tcga_pan_can_atlas_2018,TCGA-D7-6820-01,TCGA-D7-6820,0,no alteration,no alteration,no alteration,no alteration,no alteration
283,stad_tcga_pan_can_atlas_2018,TCGA-D7-8570-01,TCGA-D7-8570,0,no alteration,no alteration,no alteration,no alteration,no alteration
284,stad_tcga_pan_can_atlas_2018,TCGA-D7-8572-01,TCGA-D7-8572,0,no alteration,no alteration,no alteration,no alteration,no alteration
285,stad_tcga_pan_can_atlas_2018,TCGA-D7-8573-01,TCGA-D7-8573,0,no alteration,no alteration,no alteration,no alteration,no alteration
286,stad_tcga_pan_can_atlas_2018,TCGA-D7-8574-01,TCGA-D7-8574,0,no alteration,no alteration,no alteration,no alteration,no alteration
287,stad_tcga_pan_can_atlas_2018,TCGA-D7-8575-01,TCGA-D7-8575,0,no alteration,no alteration,no alteration,no alteration,no alteration
288,stad_tcga_pan_can_atlas_2018,TCGA-D7-8576-01,TCGA-D7-8576,0,no alteration,no alteration,no alteration,no alteration,no alteration
289,stad_tcga_pan_can_atlas_2018,TCGA-D7-8578-01,TCGA-D7-8578,0,no alteration,no alteration,no alteration,no alteration,no alteration
290,stad_tcga_pan_can_atlas_2018,TCGA-D7-8579-01,TCGA-D7-8579,0,no alteration,no alteration,no alteration,no alteration,no alteration
291,stad_tcga_pan_can_atlas_2018,TCGA-D7-A4YU-01,TCGA-D7-A4YU,0,no alteration,no alteration,no alteration,no alteration,no alteration
292,stad_tcga_pan_can_atlas_2018,TCGA-D7-A4YX-01,TCGA-D7-A4YX,0,no alteration,no alteration,no alteration,no alteration,no alteration
293,stad_tcga_pan_can_atlas_2018,TCGA-D7-A4Z0-01,TCGA-D7-A4Z0,0,no alteration,no alteration,no alteration,no alteration,no alteration
294,stad_tcga_pan_can_atlas_2018,TCGA-D7-A6ET-01,TCGA-D7-A6ET,0,no alteration,no alteration,no alteration,no alteration,no alteration
295,stad_tcga_pan_can_atlas_2018,TCGA-D7-A6EV-01,TCGA-D7-A6EV,0,no alteration,no alteration,no alteration,no alteration,no alteration
296,stad_tcga_pan_can_atlas_2018,TCGA-D7-A6EX-01,TCGA-D7-A6EX,0,no alteration,no alteration,no alteration,no alteration,no alteration
297,stad_tcga_pan_can_atlas_2018,TCGA-D7-A6EY-01,TCGA-D7-A6EY,0,no alteration,no alteration,no alteration,no alteration,no alteration
298,stad_tcga_pan_can_atlas_2018,TCGA-D7-A6EZ-01,TCGA-D7-A6EZ,0,no alteration,no alteration,no alteration,no alteration,no alteration
299,stad_tcga_pan_can_atlas_2018,TCGA-D7-A6F0-01,TCGA-D7-A6F0,0,no alteration,no alteration,no alteration,no alteration,no alteration
300,stad_tcga_pan_can_atlas_2018,TCGA-D7-A6F2-01,TCGA-D7-A6F2,0,no alteration,no alteration,no alteration,no alteration,no alteration
301,stad_tcga_pan_can_atlas_2018,TCGA-D7-A748-01,TCGA-D7-A748,0,no alteration,no alteration,no alteration,no alteration,no alteration
302,stad_tcga_pan_can_atlas_2018,TCGA-D7-A74A-01,TCGA-D7-A74A,0,no alteration,no alteration,no alteration,no alteration,no alteration
303,stad_tcga_pan_can_atlas_2018,TCGA-D7-A74B-01,TCGA-D7-A74B,0,no alteration,no alteration,no alteration,no alteration,no alteration
304,stad_tcga_pan_can_atlas_2018,TCGA-EQ-5647-01,TCGA-EQ-5647,0,no alteration,no alteration,no alteration,no alteration,no alteration
305,stad_tcga_pan_can_atlas_2018,TCGA-EQ-8122-01,TCGA-EQ-8122,0,no alteration,no alteration,no alteration,no alteration,no alteration
306,stad_tcga_pan_can_atlas_2018,TCGA-EQ-A4SO-01,TCGA-EQ-A4SO,0,no alteration,no alteration,no alteration,no alteration,no alteration
307,stad_tcga_pan_can_atlas_2018,TCGA-F1-6177-01,TCGA-F1-6177,0,no alteration,no alteration,no alteration,no alteration,no alteration
308,stad_tcga_pan_can_atlas_2018,TCGA-F1-6874-01,TCGA-F1-6874,0,no alteration,no alteration,no alteration,no alteration,no alteration
309,stad_tcga_pan_can_atlas_2018,TCGA-F1-6875-01,TCGA-F1-6875,0,no alteration,no alteration,no alteration,no alteration,no alteration
310,stad_tcga_pan_can_atlas_2018,TCGA-F1-A72C-01,TCGA-F1-A72C,0,no alteration,no alteration,no alteration,no alteration,no alteration
311,stad_tcga_pan_can_atlas_2018,TCGA-FP-7735-01,TCGA-FP-7735,0,no alteration,no alteration,no alteration,no alteration,no alteration
312,stad_tcga_pan_can_atlas_2018,TCGA-FP-7829-01,TCGA-FP-7829,0,no alteration,no alteration,no alteration,no alteration,no alteration
313,stad_tcga_pan_can_atlas_2018,TCGA-FP-7916-01,TCGA-FP-7916,0,no alteration,no alteration,no alteration,no alteration,no alteration
314,stad_tcga_pan_can_atlas_2018,TCGA-FP-7998-01,TCGA-FP-7998,0,no alteration,no alteration,no alteration,no alteration,no alteration
315,stad_tcga_pan_can_atlas_2018,TCGA-FP-8209-01,TCGA-FP-8209,0,no alteration,no alteration,no alteration,no alteration,no alteration
316,stad_tcga_pan_can_atlas_2018,TCGA-FP-8210-01,TCGA-FP-8210,0,no alteration,no alteration,no alteration,no alteration,no alteration
317,stad_tcga_pan_can_atlas_2018,TCGA-FP-8211-01,TCGA-FP-8211,0,no alteration,no alteration,no alteration,no alteration,no alteration
318,stad_tcga_pan_can_atlas_2018,TCGA-FP-8631-01,TCGA-FP-8631,0,no alteration,no alteration,no alteration,no alteration,no alteration
319,stad_tcga_pan_can_atlas_2018,TCGA-FP-A4BE-01,TCGA-FP-A4BE,0,no alteration,no alteration,not profiled,not profiled,no alteration
320,stad_tcga_pan_can_atlas_2018,TCGA-FP-A4BF-01,TCGA-FP-A4BF,0,no alteration,no alteration,no alteration,no alteration,no alteration
321,stad_tcga_pan_can_atlas_2018,TCGA-FP-A8CX-01,TCGA-FP-A8CX,0,no alteration,no alteration,no alteration,no alteration,no alteration
322,stad_tcga_pan_can_atlas_2018,TCGA-FP-A9TM-01,TCGA-FP-A9TM,0,no alteration,no alteration,no alteration,no alteration,no alteration
323,stad_tcga_pan_can_atlas_2018,TCGA-HF-7133-01,TCGA-HF-7133,0,no alteration,no alteration,no alteration,no alteration,no alteration
324,stad_tcga_pan_can_atlas_2018,TCGA-HF-7136-01,TCGA-HF-7136,0,no alteration,no alteration,no alteration,no alteration,no alteration
325,stad_tcga_pan_can_atlas_2018,TCGA-HF-A5NB-01,TCGA-HF-A5NB,0,no alteration,no alteration,no alteration,no alteration,no alteration
326,stad_tcga_pan_can_atlas_2018,TCGA-HJ-7597-01,TCGA-HJ-7597,0,no alteration,no alteration,no alteration,no alteration,no alteration
327,stad_tcga_pan_can_atlas_2018,TCGA-HU-8238-01,TCGA-HU-8238,0,no alteration,no alteration,no alteration,no alteration,no alteration
328,stad_tcga_pan_can_atlas_2018,TCGA-HU-8243-01,TCGA-HU-8243,0,no alteration,no alteration,no alteration,no alteration,no alteration
329,stad_tcga_pan_can_atlas_2018,TCGA-HU-8245-01,TCGA-HU-8245,0,no alteration,no alteration,no alteration,no alteration,no alteration
330,stad_tcga_pan_can_atlas_2018,TCGA-HU-8249-01,TCGA-HU-8249,0,no alteration,no alteration,no alteration,no alteration,no alteration
331,stad_tcga_pan_can_atlas_2018,TCGA-HU-8602-01,TCGA-HU-8602,0,no alteration,no alteration,no alteration,no alteration,no alteration
332,stad_tcga_pan_can_atlas_2018,TCGA-HU-8604-01,TCGA-HU-8604,0,no alteration,no alteration,no alteration,no alteration,no alteration
333,stad_tcga_pan_can_atlas_2018,TCGA-HU-8608-01,TCGA-HU-8608,0,no alteration,no alteration,no alteration,no alteration,no alteration
334,stad_tcga_pan_can_atlas_2018,TCGA-HU-8610-01,TCGA-HU-8610,0,no alteration,no alteration,no alteration,no alteration,no alteration
335,stad_tcga_pan_can_atlas_2018,TCGA-HU-A4G2-01,TCGA-HU-A4G2,0,no alteration,no alteration,no alteration,no alteration,no alteration
336,stad_tcga_pan_can_atlas_2018,TCGA-HU-A4G3-01,TCGA-HU-A4G3,0,no alteration,no alteration,no alteration,no alteration,no alteration
337,stad_tcga_pan_can_atlas_2018,TCGA-HU-A4G6-01,TCGA-HU-A4G6,0,no alteration,no alteration,no alteration,no alteration,no alteration
338,stad_tcga_pan_can_atlas_2018,TCGA-HU-A4G9-01,TCGA-HU-A4G9,0,no alteration,no alteration,no alteration,no alteration,no alteration
339,stad_tcga_pan_can_atlas_2018,TCGA-HU-A4GD-01,TCGA-HU-A4GD,0,no alteration,no alteration,no alteration,no alteration,no alteration
340,stad_tcga_pan_can_atlas_2018,TCGA-HU-A4GF-01,TCGA-HU-A4GF,0,no alteration,no alteration,no alteration,no alteration,no alteration
341,stad_tcga_pan_can_atlas_2018,TCGA-HU-A4GJ-01,TCGA-HU-A4GJ,0,no alteration,no alteration,no alteration,no alteration,no alteration
342,stad_tcga_pan_can_atlas_2018,TCGA-HU-A4GP-01,TCGA-HU-A4GP,0,no alteration,no alteration,no alteration,no alteration,no alteration
343,stad_tcga_pan_can_atlas_2018,TCGA-HU-A4GX-01,TCGA-HU-A4GX,0,no alteration,no alteration,no alteration,no alteration,no alteration
344,stad_tcga_pan_can_atlas_2018,TCGA-HU-A4GY-01,TCGA-HU-A4GY,0,no alteration,no alteration,no alteration,no alteration,no alteration
345,stad_tcga_pan_can_atlas_2018,TCGA-HU-A4H0-01,TCGA-HU-A4H0,0,no alteration,no alteration,no alteration,no alteration,no alteration
346,stad_tcga_pan_can_atlas_2018,TCGA-HU-A4H2-01,TCGA-HU-A4H2,0,no alteration,no alteration,no alteration,no alteration,no alteration
347,stad_tcga_pan_can_atlas_2018,TCGA-HU-A4H8-01,TCGA-HU-A4H8,0,no alteration,no alteration,no alteration,no alteration,no alteration
348,stad_tcga_pan_can_atlas_2018,TCGA-HU-A4HB-01,TCGA-HU-A4HB,0,no alteration,no alteration,no alteration,no alteration,no alteration
349,stad_tcga_pan_can_atlas_2018,TCGA-HU-A4HD-01,TCGA-HU-A4HD,0,no alteration,no alteration,no alteration,no alteration,no alteration
350,stad_tcga_pan_can_atlas_2018,TCGA-IN-7806-01,TCGA-IN-7806,0,no alteration,no alteration,no alteration,no alteration,no alteration
351,stad_tcga_pan_can_atlas_2018,TCGA-IN-7808-01,TCGA-IN-7808,0,no alteration,no alteration,no alteration,no alteration,no alteration
352,stad_tcga_pan_can_atlas_2018,TCGA-IN-8462-01,TCGA-IN-8462,0,no alteration,no alteration,no alteration,no alteration,no alteration
353,stad_tcga_pan_can_atlas_2018,TCGA-IN-8663-01,TCGA-IN-8663,0,no alteration,no alteration,no alteration,no alteration,no alteration
354,stad_tcga_pan_can_atlas_2018,TCGA-IN-A6RI-01,TCGA-IN-A6RI,0,no alteration,no alteration,no alteration,no alteration,no alteration
355,stad_tcga_pan_can_atlas_2018,TCGA-IN-A6RJ-01,TCGA-IN-A6RJ,0,no alteration,no alteration,no alteration,no alteration,no alteration
356,stad_tcga_pan_can_atlas_2018,TCGA-IN-A6RN-01,TCGA-IN-A6RN,0,no alteration,no alteration,no alteration,no alteration,no alteration
357,stad_tcga_pan_can_atlas_2018,TCGA-IN-A6RO-01,TCGA-IN-A6RO,0,no alteration,no alteration,no alteration,no alteration,no alteration
358,stad_tcga_pan_can_atlas_2018,TCGA-IN-A6RP-01,TCGA-IN-A6RP,0,no alteration,no alteration,no alteration,no alteration,no alteration
359,stad_tcga_pan_can_atlas_2018,TCGA-IN-A6RR-01,TCGA-IN-A6RR,0,no alteration,no alteration,no alteration,no alteration,no alteration
360,stad_tcga_pan_can_atlas_2018,TCGA-IN-A7NR-01,TCGA-IN-A7NR,0,no alteration,no alteration,no alteration,no alteration,no alteration
361,stad_tcga_pan_can_atlas_2018,TCGA-IN-A7NT-01,TCGA-IN-A7NT,0,no alteration,no alteration,no alteration,no alteration,no alteration
362,stad_tcga_pan_can_atlas_2018,TCGA-IN-A7NU-01,TCGA-IN-A7NU,0,no alteration,no alteration,no alteration,no alteration,no alteration
363,stad_tcga_pan_can_atlas_2018,TCGA-IN-AB1V-01,TCGA-IN-AB1V,0,no alteration,no alteration,no alteration,no alteration,no alteration
364,stad_tcga_pan_can_atlas_2018,TCGA-IN-AB1X-01,TCGA-IN-AB1X,0,no alteration,no alteration,no alteration,no alteration,no alteration
365,stad_tcga_pan_can_atlas_2018,TCGA-IP-7968-01,TCGA-IP-7968,0,no alteration,no alteration,no alteration,no alteration,no alteration
366,stad_tcga_pan_can_atlas_2018,TCGA-KB-A6F5-01,TCGA-KB-A6F5,0,no alteration,no alteration,no alteration,no alteration,no alteration
367,stad_tcga_pan_can_atlas_2018,TCGA-KB-A6F7-01,TCGA-KB-A6F7,0,no alteration,no alteration,no alteration,no alteration,no alteration
368,stad_tcga_pan_can_atlas_2018,TCGA-KB-A93H-01,TCGA-KB-A93H,0,no alteration,no alteration,no alteration,no alteration,no alteration
369,stad_tcga_pan_can_atlas_2018,TCGA-KB-A93J-01,TCGA-KB-A93J,0,no alteration,no alteration,no alteration,no alteration,no alteration
370,stad_tcga_pan_can_atlas_2018,TCGA-MX-A5UG-01,TCGA-MX-A5UG,0,no alteration,no alteration,no alteration,no alteration,no alteration
371,stad_tcga_pan_can_atlas_2018,TCGA-MX-A666-01,TCGA-MX-A666,0,no alteration,no alteration,no alteration,no alteration,no alteration
372,stad_tcga_pan_can_atlas_2018,TCGA-R5-A7ZE-01,TCGA-R5-A7ZE,0,no alteration,no alteration,no alteration,no alteration,no alteration
373,stad_tcga_pan_can_atlas_2018,TCGA-R5-A7ZF-01,TCGA-R5-A7ZF,0,no alteration,no alteration,no alteration,no alteration,no alteration
374,stad_tcga_pan_can_atlas_2018,TCGA-R5-A804-01,TCGA-R5-A804,0,no alteration,no alteration,no alteration,no alteration,no alteration
375,stad_tcga_pan_can_atlas_2018,TCGA-R5-A805-01,TCGA-R5-A805,0,no alteration,no alteration,no alteration,no alteration,no alteration
376,stad_tcga_pan_can_atlas_2018,TCGA-RD-A7BS-01,TCGA-RD-A7BS,0,no alteration,no alteration,no alteration,no alteration,no alteration
377,stad_tcga_pan_can_atlas_2018,TCGA-RD-A7BW-01,TCGA-RD-A7BW,0,no alteration,no alteration,no alteration,no alteration,no alteration
378,stad_tcga_pan_can_atlas_2018,TCGA-RD-A7C1-01,TCGA-RD-A7C1,0,no alteration,no alteration,no alteration,no alteration,no alteration
379,stad_tcga_pan_can_atlas_2018,TCGA-RD-A8MV-01,TCGA-RD-A8MV,0,no alteration,no alteration,no alteration,no alteration,no alteration
380,stad_tcga_pan_can_atlas_2018,TCGA-RD-A8MW-01,TCGA-RD-A8MW,0,no alteration,no alteration,no alteration,no alteration,no alteration
381,stad_tcga_pan_can_atlas_2018,TCGA-RD-A8N0-01,TCGA-RD-A8N0,0,no alteration,no alteration,no alteration,no alteration,no alteration
382,stad_tcga_pan_can_atlas_2018,TCGA-RD-A8N1-01,TCGA-RD-A8N1,0,no alteration,no alteration,no alteration,no alteration,no alteration
383,stad_tcga_pan_can_atlas_2018,TCGA-RD-A8N2-01,TCGA-RD-A8N2,0,no alteration,no alteration,no alteration,no alteration,no alteration
384,stad_tcga_pan_can_atlas_2018,TCGA-RD-A8N4-01,TCGA-RD-A8N4,0,no alteration,no alteration,no alteration,no alteration,no alteration
385,stad_tcga_pan_can_atlas_2018,TCGA-RD-A8N5-01,TCGA-RD-A8N5,0,no alteration,no alteration,no alteration,no alteration,no alteration
386,stad_tcga_pan_can_atlas_2018,TCGA-RD-A8N6-01,TCGA-RD-A8N6,0,no alteration,no alteration,no alteration,no alteration,no alteration
387,stad_tcga_pan_can_atlas_2018,TCGA-RD-A8N9-01,TCGA-RD-A8N9,0,no alteration,no alteration,no alteration,no alteration,no alteration
388,stad_tcga_pan_can_atlas_2018,TCGA-SW-A7EA-01,TCGA-SW-A7EA,0,no alteration,no alteration,no alteration,no alteration,no alteration
389,stad_tcga_pan_can_atlas_2018,TCGA-VQ-A8DL-01,TCGA-VQ-A8DL,0,no alteration,no alteration,no alteration,no alteration,no alteration
390,stad_tcga_pan_can_atlas_2018,TCGA-VQ-A8DT-01,TCGA-VQ-A8DT,0,no alteration,no alteration,no alteration,no alteration,no alteration
391,stad_tcga_pan_can_atlas_2018,TCGA-VQ-A8DU-01,TCGA-VQ-A8DU,0,no alteration,no alteration,no alteration,no alteration,no alteration
392,stad_tcga_pan_can_atlas_2018,TCGA-VQ-A8DZ-01,TCGA-VQ-A8DZ,0,no alteration,no alteration,no alteration,no alteration,no alteration
393,stad_tcga_pan_can_atlas_2018,TCGA-VQ-A8E0-01,TCGA-VQ-A8E0,0,no alteration,no alteration,no alteration,no alteration,no alteration
394,stad_tcga_pan_can_atlas_2018,TCGA-VQ-A8E2-01,TCGA-VQ-A8E2,0,no alteration,no alteration,no alteration,no alteration,no alteration
395,stad_tcga_pan_can_atlas_2018,TCGA-VQ-A8E3-01,TCGA-VQ-A8E3,0,no alteration,no alteration,no alteration,no alteration,no alteration
396,stad_tcga_pan_can_atlas_2018,TCGA-VQ-A8E7-01,TCGA-VQ-A8E7,0,no alteration,no alteration,no alteration,no alteration,no alteration
397,stad_tcga_pan_can_atlas_2018,TCGA-VQ-A8P5-01,TCGA-VQ-A8P5,0,no alteration,no alteration,no alteration,no alteration,no alteration
398,stad_tcga_pan_can_atlas_2018,TCGA-VQ-A8P8-01,TCGA-VQ-A8P8,0,no alteration,no alteration,no alteration,no alteration,no alteration
399,stad_tcga_pan_can_atlas_2018,TCGA-VQ-A8PC-01,TCGA-VQ-A8PC,0,no alteration,no alteration,no alteration,no alteration,no alteration
400,stad_tcga_pan_can_atlas_2018,TCGA-VQ-A8PE-01,TCGA-VQ-A8PE,0,no alteration,no alteration,no alteration,no alteration,no alteration
401,stad_tcga_pan_can_atlas_2018,TCGA-VQ-A8PF-01,TCGA-VQ-A8PF,0,no alteration,no alteration,no alteration,no alteration,no alteration
402,stad_tcga_pan_can_atlas_2018,TCGA-VQ-A8PH-01,TCGA-VQ-A8PH,0,no alteration,no alteration,no alteration,no alteration,no alteration
403,stad_tcga_pan_can_atlas_2018,TCGA-VQ-A8PJ-01,TCGA-VQ-A8PJ,0,no alteration,no alteration,no alteration,no alteration,no alteration
404,stad_tcga_pan_can_atlas_2018,TCGA-VQ-A8PK-01,TCGA-VQ-A8PK,0,no alteration,no alteration,no alteration,no alteration,no alteration
405,stad_tcga_pan_can_atlas_2018,TCGA-VQ-A8PM-01,TCGA-VQ-A8PM,0,no alteration,no alteration,no alteration,no alteration,no alteration
406,stad_tcga_pan_can_atlas_2018,TCGA-VQ-A8PQ-01,TCGA-VQ-A8PQ,0,no alteration,no alteration,no alteration,no alteration,no alteration
407,stad_tcga_pan_can_atlas_2018,TCGA-VQ-A8PS-01,TCGA-VQ-A8PS,0,no alteration,no alteration,no alteration,no alteration,no alteration
408,stad_tcga_pan_can_atlas_2018,TCGA-VQ-A8PT-01,TCGA-VQ-A8PT,0,no alteration,no alteration,no alteration,no alteration,no alteration
409,stad_tcga_pan_can_atlas_2018,TCGA-VQ-A8PU-01,TCGA-VQ-A8PU,0,no alteration,no alteration,no alteration,no alteration,no alteration
410,stad_tcga_pan_can_atlas_2018,TCGA-VQ-A8PY-01,TCGA-VQ-A8PY,0,no alteration,no alteration,no alteration,no alteration,no alteration
411,stad_tcga_pan_can_atlas_2018,TCGA-VQ-A8PZ-01,TCGA-VQ-A8PZ,0,no alteration,no alteration,no alteration,no alteration,no alteration
412,stad_tcga_pan_can_atlas_2018,TCGA-VQ-A91A-01,TCGA-VQ-A91A,0,no alteration,no alteration,no alteration,no alteration,no alteration
413,stad_tcga_pan_can_atlas_2018,TCGA-VQ-A91E-01,TCGA-VQ-A91E,0,no alteration,no alteration,no alteration,no alteration,no alteration
414,stad_tcga_pan_can_atlas_2018,TCGA-VQ-A91K-01,TCGA-VQ-A91K,0,no alteration,no alteration,no alteration,no alteration,no alteration
415,stad_tcga_pan_can_atlas_2018,TCGA-VQ-A91Q-01,TCGA-VQ-A91Q,0,no alteration,no alteration,no alteration,no alteration,no alteration
416,stad_tcga_pan_can_atlas_2018,TCGA-VQ-A91S-01,TCGA-VQ-A91S,0,no alteration,no alteration,no alteration,no alteration,no alteration
417,stad_tcga_pan_can_atlas_2018,TCGA-VQ-A91V-01,TCGA-VQ-A91V,0,no alteration,no alteration,no alteration,no alteration,no alteration
418,stad_tcga_pan_can_atlas_2018,TCGA-VQ-A91W-01,TCGA-VQ-A91W,0,no alteration,no alteration,no alteration,no alteration,no alteration
419,stad_tcga_pan_can_atlas_2018,TCGA-VQ-A91Y-01,TCGA-VQ-A91Y,0,no alteration,no alteration,no alteration,no alteration,no alteration
420,stad_tcga_pan_can_atlas_2018,TCGA-VQ-A91Z-01,TCGA-VQ-A91Z,0,no alteration,no alteration,no alteration,no alteration,no alteration
421,stad_tcga_pan_can_atlas_2018,TCGA-VQ-A922-01,TCGA-VQ-A922,0,no alteration,no alteration,no alteration,no alteration,no alteration
422,stad_tcga_pan_can_atlas_2018,TCGA-VQ-A925-01,TCGA-VQ-A925,0,no alteration,no alteration,no alteration,no alteration,no alteration
423,stad_tcga_pan_can_atlas_2018,TCGA-VQ-A927-01,TCGA-VQ-A927,0,no alteration,no alteration,no alteration,no alteration,no alteration
424,stad_tcga_pan_can_atlas_2018,TCGA-VQ-A928-01,TCGA-VQ-A928,0,no alteration,no alteration,no alteration,no alteration,no alteration
425,stad_tcga_pan_can_atlas_2018,TCGA-VQ-A92D-01,TCGA-VQ-A92D,0,no alteration,no alteration,no alteration,no alteration,no alteration
426,stad_tcga_pan_can_atlas_2018,TCGA-VQ-A94O-01,TCGA-VQ-A94O,0,no alteration,no alteration,no alteration,no alteration,no alteration
427,stad_tcga_pan_can_atlas_2018,TCGA-VQ-A94R-01,TCGA-VQ-A94R,0,no alteration,no alteration,no alteration,no alteration,no alteration
428,stad_tcga_pan_can_atlas_2018,TCGA-VQ-A94T-01,TCGA-VQ-A94T,0,no alteration,no alteration,no alteration,no alteration,no alteration
429,stad_tcga_pan_can_atlas_2018,TCGA-VQ-A94U-01,TCGA-VQ-A94U,0,no alteration,no alteration,no alteration,no alteration,no alteration
430,stad_tcga_pan_can_atlas_2018,TCGA-VQ-AA64-01,TCGA-VQ-AA64,0,no alteration,no alteration,no alteration,no alteration,no alteration
431,stad_tcga_pan_can_atlas_2018,TCGA-VQ-AA69-01,TCGA-VQ-AA69,0,no alteration,no alteration,no alteration,no alteration,no alteration
432,stad_tcga_pan_can_atlas_2018,TCGA-VQ-AA6A-01,TCGA-VQ-AA6A,0,no alteration,no alteration,no alteration,no alteration,no alteration
433,stad_tcga_pan_can_atlas_2018,TCGA-VQ-AA6B-01,TCGA-VQ-AA6B,0,no alteration,no alteration,no alteration,no alteration,no alteration
434,stad_tcga_pan_can_atlas_2018,TCGA-VQ-AA6F-01,TCGA-VQ-AA6F,0,no alteration,no alteration,no alteration,no alteration,no alteration
435,stad_tcga_pan_can_atlas_2018,TCGA-VQ-AA6G-01,TCGA-VQ-AA6G,0,no alteration,no alteration,no alteration,no alteration,no alteration
436,stad_tcga_pan_can_atlas_2018,TCGA-VQ-AA6I-01,TCGA-VQ-AA6I,0,no alteration,no alteration,no alteration,no alteration,no alteration
437,stad_tcga_pan_can_atlas_2018,TCGA-VQ-AA6J-01,TCGA-VQ-AA6J,0,no alteration,no alteration,no alteration,no alteration,no alteration
438,stad_tcga_pan_can_atlas_2018,TCGA-VQ-AA6K-01,TCGA-VQ-AA6K,0,no alteration,no alteration,no alteration,no alteration,no alteration
439,stad_tcga_pan_can_atlas_2018,TCGA-ZA-A8F6-01,TCGA-ZA-A8F6,0,no alteration,no alteration,no alteration,no alteration,no alteration
